indicador,valor
Tasa_Contratacion_General,33.0
Chi2_pvalue,0.0004395264414316002
t_test_pvalue,1.7082225758063064e-261
ANOVA_pvalue,2.723751062588752e-150
