gender,count,mean,hire_pct
Female,2135,0.3091334894613583,30.913348946135834
Male,2609,0.3533921042545036,35.33921042545036
Non-Binary,256,0.265625,26.5625
